,Mean,Median,Range,Standard Deviation,Variance
Linear Regression Prediction Time (s),2.581164026260376,2.6394288539886475,0.33945703506469727,0.15627210952865236,0.02442097221653512
Random Forest Prediction Time (s),2.869105339050293,2.7055790424346924,1.4810566902160645,0.5969054445212065,0.3562961096990591
