,Number of Samples,Mean,Median,Range,Standard Deviation,Variance
Dataset Construction Time (s),586,713.8703619480133,709.3675448894501,45.77691292762756,17.818580667914183,317.5018170189651
