,Mean,Median,Range,Standard Deviation,Variance
Random Pair Generation Time (s),2.856263208389282,2.7481741905212402,0.9384219646453857,0.354568963871136,0.12571915014065096
